Date,Temp,Max.Temp,Min.Temp,RH,Max.RH,Min.RH,WindSpeed,WindDir,SolarRad,Evapor,Rainfall,DewPoint,Station,District
7/1/2019,25.08,30.03,21.81,82.83,96.24,62.45,3.7,0,1018,40.5,12.6,22.41,ST01,Kakching
7/2/2019,26.44,31.04,23.17,75.63,88.78,58.9,4.1,0,959,30.6,0.2,22.38,ST01,Kakching
7/3/2019,26.58,33.87,22.75,76.49,90.99,50.55,2.65,0,1030,9.7,0,22.58,ST01,Kakching
7/4/2019,26.51,32.86,22.59,78.51,92.01,55.67,3.28,3.29,954,31,2.2,23.12,ST01,Kakching
7/5/2019,25.76,30.44,22.91,80.35,91.56,63.01,3.73,0,896,14.3,0,22.53,ST01,Kakching
7/6/2019,24.89,28.73,22.78,83.62,94.28,69.73,3.9,0,665,17.2,0.6,22.24,ST01,Kakching
7/7/2019,24.76,30.01,21.61,83.24,94.93,63.97,3.73,25.91,975,9.4,1.4,21.98,ST01,Kakching
7/8/2019,25.35,31.44,21.59,82.98,95.61,56.28,1.58,3.33,687,10,1.2,22.57,ST01,Kakching
7/9/2019,25.77,30.71,22.54,78.76,93.82,57.26,1.89,0,452,9.3,0.2,22.31,ST01,Kakching
7/10/2019,24.08,29.06,21.84,87.25,95.21,68.47,1.22,0,471,3.7,2.8,22.18,ST01,Kakching
7/11/2019,23.91,27.37,22.14,87.57,94.56,72.02,2.25,0,436,5.9,1.2,22.11,ST01,Kakching
7/12/2019,23.97,28.5,21.58,84.48,92.47,67.93,3.01,0.7,514,6.4,2.6,21.67,ST01,Kakching
7/13/2019,24.43,28.7,21.34,80.58,89.92,67.74,3.01,0,924,10.2,0.4,21.41,ST01,Kakching
7/14/2019,23.49,28.08,21.5,84.07,91.02,66.74,1.96,0,1041,8.9,1.2,21.16,ST01,Kakching
7/15/2019,22.89,27.58,20.78,85.58,93.25,68.05,2.63,19.83,473,10.3,1.6,20.86,ST01,Kakching
7/16/2019,26.05,31.92,20.84,75.49,92.18,54.99,1.62,48.25,899,14.2,0,21.8,ST01,Kakching
7/17/2019,27.3,35.16,21.79,73.66,92.72,37.59,2.22,54.04,883,12.5,0,22.64,ST01,Kakching
7/18/2019,26.36,34.15,21.83,79.87,93.9,47.98,2.75,66.54,935,47.3,37.4,23.05,ST01,Kakching
7/19/2019,26.67,34.51,22.15,77.82,93.67,46.56,2.47,66.04,918,19,0,22.86,ST01,Kakching
7/20/2019,26.07,29.58,23.24,79.61,91.27,65.05,2.59,22.58,947,7.9,0,22.72,ST01,Kakching
7/21/2019,25.57,30.79,22.52,80.1,92.78,56.06,2.04,65.48,641,12.8,0.2,22.36,ST01,Kakching
7/22/2019,25.11,29.79,22.31,81.24,93.11,61.84,2.29,70.38,918,16.7,2.2,22.16,ST01,Kakching
7/23/2019,25.76,30.86,22.81,76.95,89.77,56.99,2.72,76.67,905,10.3,0,22.05,ST01,Kakching
7/24/2019,26.01,31.96,22.52,77.56,92.22,54.84,2.22,55.79,920,13.7,0,22.32,ST01,Kakching
7/25/2019,24.98,32.12,22.02,82.88,94.5,55.62,2.1,42.63,748,8.6,0,22.31,ST01,Kakching
7/26/2019,23.48,28.26,21.93,90.39,94.56,72.47,1.44,84.61,412,9.3,8,22.01,ST01,Kakching
7/27/2019,24.63,30.3,21.11,84.5,95.98,62.4,2.45,72.83,811,30.2,56.6,22.2,ST01,Kakching
7/28/2019,24.69,29.18,21.56,80.93,91.63,65.01,3.27,56.54,969,11.3,0,21.66,ST01,Kakching
7/29/2019,25.09,32.12,22.02,82.47,94.5,55.62,2.1,52.71,748,9.4,0,22.33,ST01,Kakching
7/30/2019,24.17,29.48,20.94,85.51,94.25,64.79,1.25,41.07,918,18.2,7.6,22.01,ST01,Kakching
7/31/2019,23.54,27.83,21.14,85.7,94.44,66.85,1.16,308,656,5.7,2.6,21.39,ST01,Kakching
8/1/2019,24.77,31.38,21.42,82.62,94.69,55.72,2.24,275.63,929,11.4,0.2,22.02,ST01,Kakching
8/2/2019,25.53,31.36,21.37,79.99,94.36,58.54,2.24,219.58,857,9.9,0,22.24,ST01,Kakching
8/3/2019,25.27,30.44,22.36,82.63,94.46,61.49,2.11,251.54,1035,11.7,1,22.48,ST01,Kakching
8/4/2019,26.03,31.18,22.67,80.18,92.88,62.15,2.9,249.67,950,15.4,0.4,22.86,ST01,Kakching
8/5/2019,26.01,30.7,22.02,78.61,93.9,62.99,4.08,264.29,998,4.5,6.8,22.55,ST01,Kakching
8/6/2019,24.31,26.91,22.83,85.14,92.39,74,6.63,133.17,647,11.8,2,22.09,ST01,Kakching
8/7/2019,23.68,26.98,21.95,87.04,94.12,74.86,7.94,76.32,541,4.7,4,21.8,ST01,Kakching
8/8/2019,24.34,28.46,22.08,87.39,94.67,71.26,2.3,69.38,514,7.1,1,22.5,ST01,Kakching
8/9/2019,25.94,33.03,21.36,80.14,95.15,49.51,1.86,175.75,938,9.8,0,22.72,ST01,Kakching
8/10/2019,25.35,29.18,22.88,83.6,93.9,68.89,1.74,274.29,472,6.8,0,22.79,ST01,Kakching
8/11/2019,26.99,32.98,21.91,77.39,95.29,53.69,2.7,262.38,1012,8,0,23.07,ST01,Kakching
8/12/2019,23.74,27.97,20.45,86.46,95.45,71.78,4.99,286.63,975,8,12.6,21.76,ST01,Kakching
8/13/2019,23.82,29.64,21.11,88.24,96.61,65.99,2.18,262.17,596,13.2,10.6,22.09,ST01,Kakching
8/14/2019,24.73,28.99,21.62,84.1,94.53,68.26,1.52,193.71,959,8.4,2.6,22.38,ST01,Kakching
8/15/2019,24.61,29.23,22.16,83.91,94.49,66.15,1.42,161.67,935,8.5,0.4,22.15,ST01,Kakching
8/16/2019,25.17,30.34,22.01,80.94,91.88,62.43,1.58,183.73,856,10.9,0,22.16,ST01,Kakching
8/17/2019,25.23,33.16,22.14,83.55,94.1,52.42,1.71,246.96,621,12.7,10,22.76,ST01,Kakching
8/18/2019,25.2,29.6,22.12,81.82,94.43,63.48,0.68,205.92,687,8.1,0.2,22.26,ST01,Kakching
8/19/2019,25.25,29.6,22.15,77.97,90.06,59.99,1.74,160.04,909,13.8,0,21.54,ST01,Kakching
8/20/2019,25.62,30.67,21.69,79.5,90.93,57.42,1.53,234.42,765,9.5,0,22.13,ST01,Kakching
8/21/2019,25.6,32.07,22.76,82.75,92.74,57,2.07,233.79,946,15.5,0.8,23.11,ST01,Kakching
8/22/2019,25.98,33.02,21.26,79.98,94.9,52.86,2.94,237.67,923,11.7,0,22.69,ST01,Kakching
8/23/2019,23.6,27.56,21.9,89.1,94.22,77.41,2.23,246.63,303,25.4,22.4,21.97,ST01,Kakching
8/24/2019,22.75,24.27,21.47,87.73,94.1,79.23,2.53,244.83,479,14.5,3.2,20.91,ST01,Kakching
8/25/2019,24.75,30.58,20.78,80.09,94.25,59.05,3.21,240.5,981,22.1,0,21.4,ST01,Kakching
8/26/2019,25.91,32.56,20.24,77.84,94.7,53.54,2.29,243,849,8.8,0,22.24,ST01,Kakching
8/27/2019,26.24,32.46,20.37,77.01,94.61,54.08,2.77,256.63,941,13.1,0,22.33,ST01,Kakching
8/28/2019,23.17,24.56,21.85,90.68,94.54,82.41,1.1,243.11,369,15.7,4.6,21.69,ST01,Kakching
8/29/2019,24.97,32.41,21.1,84.17,95.66,55.12,1.78,249.79,1010,17.1,0,22.46,ST01,Kakching
8/30/2019,24.99,33.07,20.22,82.14,95.61,57.44,2.28,247.76,899,11.5,0,22.11,ST01,Kakching
8/31/2019,26.72,33.95,20.86,76.88,94.79,51.18,1.65,236.99,936,10.9,0.6,22.69,ST01,Kakching
9/1/2019,26.15,31.2,22.18,80.34,95.48,60.27,6.83,246.92,996,12.4,0,22.98,ST01,Kakching
9/2/2019,23.73,28.18,22.38,86.76,95.13,69.5,3.75,251.75,569,10.6,3.6,21.72,ST01,Kakching
9/3/2019,23.7,27.5,21.38,87.1,95.94,70.49,3.73,248.75,860,25.4,1.2,21.78,ST01,Kakching
9/4/2019,24.19,28.87,21.68,86.64,95.69,70.17,2.99,244.33,1006,7,3,22.12,ST01,Kakching
9/5/2019,25.78,31.56,21.81,79.6,94.19,56.95,3.29,246.92,1014,14.1,0.2,22.48,ST01,Kakching
9/6/2019,25.23,31.09,21.91,81,93.85,57.07,3.12,243.5,943,12.1,0,22.19,ST01,Kakching
9/7/2019,24.96,29.26,22.09,82.14,89.91,66.74,3.26,244.17,982,9.8,0.2,22.14,ST01,Kakching
9/8/2019,25.19,30.64,21.65,83.16,93.59,62.73,2,218.42,762,7.2,3.6,22.59,ST01,Kakching
9/9/2019,25.67,31.85,21.74,81.29,94.21,56.55,1.71,168.71,859,10.4,0,22.61,ST01,Kakching
9/10/2019,26.06,33.21,22.4,79.83,93.52,52.37,1.78,96.83,988,10.7,0,22.73,ST01,Kakching
9/11/2019,23.8,28.12,21.8,89.58,96.08,71.8,1.59,77.17,451,19.6,21.8,22.34,ST01,Kakching
9/12/2019,22.82,27.61,20.91,92.14,96.44,70.25,1.45,77.26,703,6.8,46.8,21.8,ST01,Kakching
9/13/2019,23.64,27.57,21.24,87.53,96.24,71.21,0.65,73.3,603,4.5,1,21.91,ST01,Kakching
9/14/2019,24.91,30.77,21.52,80.17,92.1,58.05,1.48,64.46,799,11.5,0,21.69,ST01,Kakching
9/15/2019,24.91,33.38,20.61,82.23,93.96,49.31,1.57,155.13,851,8.9,7.6,22.11,ST01,Kakching
9/16/2019,24.14,30.48,21.15,84.55,95.08,63.64,2.23,268.67,699,12,0.6,21.91,ST01,Kakching
9/17/2019,24.34,31.73,20.18,84.18,95.71,55.77,1.75,220.33,931,10.5,2.8,21.86,ST01,Kakching
9/18/2019,24.15,31.95,20.35,83.78,95.93,53.59,1.97,223.91,934,14.3,0,21.58,ST01,Kakching
9/19/2019,24.39,34.44,20.12,81.16,95.42,39.59,1.79,225.29,882,11.9,0,21.61,ST01,Kakching
9/20/2019,24.97,31.61,19.96,79.22,93.8,53.43,1.91,214.83,801,9.8,0,21.59,ST01,Kakching
9/21/2019,25.26,34.74,20.9,82.04,95.47,48.55,1.41,211.75,926,12.3,0.4,22.33,ST01,Kakching
9/22/2019,22.74,28.56,20.33,89.05,96.15,66.53,2.36,234.39,434,7.1,5.2,21.11,ST01,Kakching
9/23/2019,21.68,24.92,20.1,90.45,95.75,77.44,1.77,231.88,499,8.4,9,20.26,ST01,Kakching
9/24/2019,21.41,25.08,19.92,91.4,96.34,78.5,1.43,219.54,332,2.7,2,20.18,ST01,Kakching
9/25/2019,21.14,24.45,19.78,93.22,96.36,81.45,0.66,201.96,374,9,18.4,20.12,ST01,Kakching
9/26/2019,22.52,29.3,18.73,85.15,96.87,59.57,1.77,216.22,1044,8.7,0.2,20.35,ST01,Kakching
9/27/2019,23.09,30.81,19.03,83.22,95.94,55.49,2.79,227.5,778,8.9,20.2,20.43,ST01,Kakching
9/28/2019,23.5,29.55,18.66,79.59,95.72,54.73,2.66,222.21,850,12,0,20.27,ST01,Kakching
9/29/2019,23,29.64,19.84,83.06,93.32,54.01,1.54,225.5,733,8.9,0.8,20.52,ST01,Kakching
9/30/2019,22.55,30.36,19.49,85.59,96.33,54.83,1.2,221.29,895,7.6,1.4,20.43,ST01,Kakching
10/1/2019,23.12,29.54,19.22,83.09,96.43,58.15,1.43,211.25,1044,10.4,0.4,20.63,ST01,Kakching
10/2/2019,22.8,29.19,19.9,85.24,95.34,59.35,1.22,198.25,884,9.7,0.2,20.48,ST01,Kakching
10/3/2019,23.33,31.01,19.13,82.83,95.08,53.57,1.52,221.3,895,7.9,0,20.64,ST01,Kakching
10/4/2019,23.88,30.38,19.42,80.95,94.41,56.93,1.65,188.92,866,8.6,0,20.88,ST01,Kakching
10/5/2019,23.7,31.2,19.93,82.6,94.13,53.08,1.42,159.83,688,6.8,0,20.86,ST01,Kakching
10/6/2019,22.78,28.95,20.4,87.54,94.97,64.14,1.42,227.21,503,4.2,0.4,20.97,ST01,Kakching
10/7/2019,23.25,30.11,18.93,82.44,95.49,55.99,2.24,215.17,1046,11.4,0.2,20.4,ST01,Kakching
10/8/2019,22.53,30.55,19.68,84.85,94.7,53.49,1.81,208.63,892,8.4,0.2,20.27,ST01,Kakching
10/9/2019,22.71,29.6,19.09,83.07,95.43,57.75,1.58,206.22,853,12.7,0.2,20.04,ST01,Kakching
10/10/2019,21.52,28.09,19.46,87.9,95.28,61.13,0.92,211.77,445,5.7,1.2,19.78,ST01,Kakching
10/11/2019,22.64,29.28,19.24,84.58,96.51,58.77,1.11,150.46,876,11.9,1.8,20.24,ST01,Kakching
10/12/2019,23.35,31.56,18.41,80.46,95.51,49.89,1.44,163.96,817,12.2,0.2,20.14,ST01,Kakching
10/13/2019,23.12,29.74,19.15,82.23,95.1,59.77,1.88,117.79,904,12.3,0,20.33,ST01,Kakching
10/14/2019,23.28,30.85,18.5,81.23,94.82,53.86,1.85,200.67,901,11.7,0,20.26,ST01,Kakching
10/15/2019,22.7,28.62,19.16,82.06,93.52,60.35,2.57,200.63,896,10,0.2,19.98,ST01,Kakching
10/16/2019,22.63,29.1,19.24,83.75,94.79,59.42,1.86,252.38,973,8.6,1.2,20.21,ST01,Kakching
10/17/2019,23.06,31.54,17.95,82.35,95.72,53.02,1.88,203.54,1015,12.4,0,20.19,ST01,Kakching
10/18/2019,23.83,32.68,18.4,79.79,95.39,48.02,1.86,211.71,858,13.8,0,20.46,ST01,Kakching
10/19/2019,24.14,32.44,18.39,78.36,94.41,46.49,1.49,189.46,797,15.1,0,20.4,ST01,Kakching
10/20/2019,23.29,31.54,18.52,80.14,95.42,45.96,1.18,187.92,782,11.8,0,19.9,ST01,Kakching
10/21/2019,22.64,29.64,17.62,78.46,94.66,50.21,1.29,206.67,763,14.5,0,19.04,ST01,Kakching
10/22/2019,20.61,23.4,19.12,88.73,94.93,76.25,1.97,291.21,173,7.2,6.4,18.97,ST01,Kakching
10/23/2019,21.68,29.2,17.81,82.04,95.87,49.77,1.08,221.71,791,9.2,0,18.74,ST01,Kakching
10/24/2019,20.58,25.41,18.4,84.24,92.82,69.8,1.31,197.43,326,4.3,0,18.16,ST01,Kakching
10/25/2019,20.06,23.96,16.88,85.21,94.13,72.53,2.6,207.96,414,4.1,0.2,17.77,ST01,Kakching
10/26/2019,20.69,25.1,18.86,84.8,94.66,70.07,2.82,204.46,424,4.7,3.6,18.35,ST01,Kakching
10/27/2019,20.36,24.37,18.66,92.45,96.44,79.77,1.8,198.88,381,12.9,12,19.29,ST01,Kakching
10/28/2019,21.84,27.5,19.18,86.23,97.14,64.79,2.3,182,663,18.3,9.4,19.69,ST01,Kakching
10/29/2019,22.53,30.78,17.06,81.32,96.07,51.16,1.91,195.21,743,12.5,0,19.5,ST01,Kakching
10/30/2019,22.14,29.53,18.09,83.68,94.7,56.34,2.19,198.58,977,11.5,0,19.54,ST01,Kakching
10/31/2019,22.37,29.98,18.25,80.74,92.66,55.1,1.86,199.83,810,11.9,0,19.21,ST01,Kakching
11/1/2019,21.95,29.52,18.32,78.19,89.52,51.51,1.9,199.88,770,11.5,0,18.24,ST01,Kakching
11/2/2019,21.98,29.24,17.42,71.95,81.61,50.44,1.54,193.17,758,9.9,0,17.03,ST01,Kakching
11/3/2019,20.97,28.27,16.2,64.98,74.31,55.96,2.07,197.33,811,8.3,0,14.33,ST01,Kakching
11/4/2019,21.59,29.77,17.7,46.7,64.25,23.49,2.13,197.17,821,11.3,10.6,10.12,ST01,Kakching
11/5/2019,21.96,28.41,18.14,19.96,82.6,44.52,1.15,170,783,8.5,0.2,-1.75,ST01,Kakching
11/6/2019,20.37,29.38,16.03,86.42,94.13,72.53,1.44,100.67,723,46.2,0,17.63,ST01,Kakching
11/7/2019,19.21,26.86,14.88,86.63,96.17,62.57,2.1,74.43,598,6.7,0,17.21,ST01,Kakching
11/8/2019,20.77,26.52,16.04,81.61,95.22,60.42,2.12,87.92,597,5.7,0,17.9,ST01,Kakching
11/9/2019,19.23,20.62,17.12,91.64,96.08,79.41,1.42,316.29,252,9.7,10,18.02,ST01,Kakching
11/10/2019,19.37,21.66,18.07,92.55,96.02,82.7,1.9,224.96,359,2.1,6.6,18.31,ST01,Kakching
11/11/2019,19.82,22.94,17.98,93.75,96.74,80.46,0.86,197.22,238,3.7,2,18.95,ST01,Kakching
11/12/2019,21.18,28.06,17.15,83.56,96.53,52.58,1.13,188.35,977,6.5,0.2,18.68,ST01,Kakching
11/13/2019,19.98,28.18,16.07,85.5,96.89,52.83,1.97,194.42,865,8,0,17.75,ST01,Kakching
11/14/2019,19.88,29.06,14.9,83.59,95.98,48.67,1.48,189.3,730,7.5,0,17.36,ST01,Kakching
11/15/2019,19.21,28.23,15.03,80.16,96.06,46.27,0.84,191,677,6.3,0,15.93,ST01,Kakching
11/16/2019,18.41,27.16,13.18,76.79,95.06,43.52,1.19,177.46,724,8.7,0,14.53,ST01,Kakching
11/17/2019,17.75,27.76,11.3,78.33,95.9,40.32,1.36,190.39,721,7.4,0,14.11,ST01,Kakching
11/18/2019,17.48,27.72,12,85.42,95.82,52.27,1.38,192.78,713,7.4,0,15.31,ST01,Kakching
11/19/2019,18.49,26.65,14.62,85.29,95.77,53.79,1.41,196.57,668,6.7,0,16.26,ST01,Kakching
11/20/2019,18.36,24.9,14.5,84.72,95.75,58.31,1.58,197.38,782,8.9,0,16.02,ST01,Kakching
11/21/2019,17.53,26.27,12.04,84.37,96.02,50.84,1.6,195.63,750,6.9,0,15.17,ST01,Kakching
11/22/2019,16.87,24.82,12.54,83,95.85,43.69,1.53,195.7,712,5.5,0,14.21,ST01,Kakching
11/23/2019,16.85,26.01,11.52,82.85,96.03,43.58,1.75,196.86,693,7,0,14.06,ST01,Kakching
11/24/2019,16.83,26.09,11.37,84.32,96.05,51.62,1.38,191.43,656,5.6,0,14.47,ST01,Kakching
11/25/2019,17.96,26.16,13.45,83.3,95.63,51.29,1.67,195.04,699,10.4,0,15.39,ST01,Kakching
11/26/2019,17.81,25.32,12.85,84.13,95.73,53.07,1.49,187.86,774,5,0,15.34,ST01,Kakching
11/27/2019,17.69,26.31,13.5,87.26,96.22,60.12,1.38,192.71,624,5.5,0,15.84,ST01,Kakching
11/28/2019,17.8,25.53,13.92,87.56,96.25,61,1,192.33,676,5.6,0,15.93,ST01,Kakching
11/29/2019,16.7,23.24,13.3,89.66,96.24,68.36,0.64,190.21,932,4.1,0,15.2,ST01,Kakching
11/30/2019,16.36,24.97,11.8,83.71,96.31,46.9,0.54,189.83,624,5.8,0,13.93,ST01,Kakching
7/1/2019,26.76214321,30.11362857,22.77666249,84.55876157,97.26707944,65.37347408,3.767082816,0,1065.863785,43.66663939,12.83939949,23.52613959,ST02,Imphal East
7/2/2019,27.60823797,33.27917125,24.49947775,77.93174607,93.56724761,61.02647426,4.319280476,0,968.3654719,31.09725657,0.206446731,24.23926598,ST02,Imphal East
7/3/2019,28.8440382,34.61163492,24.19107138,80.91947498,95.78498326,51.94204227,2.874815846,0,1098.306024,9.957794497,0,24.0782507,ST02,Imphal East
7/4/2019,28.01206486,35.22400055,23.1056776,79.43462689,96.10246506,55.72942981,3.286501504,3.422915829,1047.202543,33.19513138,2.416672322,24.97546442,ST02,Imphal East
7/5/2019,27.42428549,30.49181272,24.5364173,87.84106159,98.0837808,68.84483073,3.977743578,0,952.7669993,14.74464036,0,23.88521013,ST02,Imphal East
7/6/2019,25.89975211,30.97530135,24.99300409,88.8761506,99.85716812,75.06462578,3.980644635,0,704.7890628,17.96397216,0.600915037,24.30989941,ST02,Imphal East
7/7/2019,25.13935857,30.02323727,23.37167582,88.72102844,95.96911173,64.30266673,3.946845848,27.78827914,990.5981511,9.822873355,1.50972989,23.69516882,ST02,Imphal East
7/8/2019,26.56909114,34.3223522,23.28243457,86.56407232,99.64954805,57.24421677,1.636315225,3.647201848,711.9931782,10.63439743,1.265993335,23.66791943,ST02,Imphal East
7/9/2019,26.69741504,30.89474436,23.46778434,79.74586238,100.54088,60.91611921,2.076330706,0,488.3345488,10.06377251,0.205434115,23.34615957,ST02,Imphal East
7/10/2019,24.64083644,30.2031759,22.08380253,92.16625198,95.97398478,71.96630437,1.253072786,0,493.4058783,3.863794248,2.814693505,22.65301178,ST02,Imphal East
7/11/2019,24.82865916,28.63639209,22.86462084,91.05057132,101.9278142,77.19039933,2.436012259,0,445.1531259,6.325431561,1.265069854,23.26994761,ST02,Imphal East
7/12/2019,23.99752989,31.12706538,23.54896146,86.16374494,94.74555642,69.48823462,3.059933895,0.706653462,541.0786916,6.519991179,2.721809342,23.78678561,ST02,Imphal East
7/13/2019,25.82563143,30.26984225,21.99958988,82.21229128,90.67095771,73.12112057,3.304293263,0,928.4708968,11.07271705,0.411630944,22.67997978,ST02,Imphal East
7/14/2019,24.50006682,28.24269265,22.1442834,87.40375975,92.51769228,71.7301949,2.112333199,0,1045.884089,9.706786767,1.312374673,22.62006436,ST02,Imphal East
7/15/2019,24.85912839,30.02972774,22.24827496,94.0032043,96.48521417,68.06064764,2.781838988,20.50404818,476.4070621,10.94020257,1.717941259,22.53797771,ST02,Imphal East
7/16/2019,28.02044299,33.95004723,22.90344903,81.76068925,93.47865149,57.0308933,1.734588128,51.5346851,928.7222435,14.53638084,0,22.43285905,ST02,Imphal East
7/17/2019,29.55580895,37.08867183,22.7298105,78.36089977,94.62309922,37.97661126,2.295381838,59.11248882,937.6779386,13.63266608,0,22.83354181,ST02,Imphal East
7/18/2019,27.20864742,37.45539977,23.01323303,82.59010742,102.3509554,50.74907984,2.769946144,69.82381622,1018.355941,50.79615443,40.61346644,24.8843088,ST02,Imphal East
7/19/2019,27.70543188,37.35189339,22.66187643,79.50292979,102.9386774,48.47705309,2.588952046,66.10994637,975.1521624,19.15310746,0,23.52409797,ST02,Imphal East
7/20/2019,27.91171463,31.40465233,24.64919355,81.4360104,96.65674712,70.19729021,2.607025276,22.81914193,996.454856,8.049263396,0,23.19821598,ST02,Imphal East
7/21/2019,25.68147756,31.60919449,24.5370921,81.24788403,98.35485834,56.33617839,2.06561908,70.37750158,687.7354428,13.51987205,0.202492107,24.42380339,ST02,Imphal East
7/22/2019,26.02301207,30.43245077,24.1815311,86.54631667,101.5725117,63.64194537,2.353955695,75.04768156,977.3287071,17.77584615,2.410078867,23.00323882,ST02,Imphal East
7/23/2019,27.1513537,31.95308645,24.60264129,84.11629034,92.20200843,58.17056872,2.773766167,76.69083616,979.2281483,10.99341393,0,23.98154136,ST02,Imphal East
7/24/2019,28.07683016,33.78056273,23.31316164,82.73945584,92.59237853,55.51549932,2.409036891,59.96790261,987.9880439,14.51821074,0,23.15283572,ST02,Imphal East
7/25/2019,26.20074327,32.9470016,22.38893717,87.39998918,98.00733485,59.99801026,2.241722013,43.94870866,755.9426693,9.371831228,0,23.37764724,ST02,Imphal East
7/26/2019,24.9942506,30.29329943,23.08061327,95.51837313,96.22503298,74.77978755,1.448582179,87.20238828,424.2410095,9.833862337,8.084476996,23.80302623,ST02,Imphal East
7/27/2019,26.63826229,33.28035473,22.31369727,92.54352511,105.0962397,68.33782848,2.570791642,75.65543392,834.8307783,32.11069595,59.92977816,23.07164336,ST02,Imphal East
7/28/2019,27.00013992,30.85681085,23.22457436,87.17997773,99.0631552,70.87141583,3.305727437,58.34128632,1028.639197,11.9852085,0,23.22246272,ST02,Imphal East
7/29/2019,27.12514456,33.01378981,22.55901679,85.20791313,99.6205917,60.66020993,2.193432067,55.18580821,789.9173634,9.706895208,0,24.2966752,ST02,Imphal East
7/30/2019,24.39819581,31.82004364,22.38592897,90.72851727,97.79137692,70.18861819,1.256604515,44.60225155,940.7475039,18.51307759,8.125676599,23.89754645,ST02,Imphal East
7/31/2019,24.36687188,28.72900469,21.99176223,88.33125816,95.75530465,69.77568984,1.256332036,335.2319467,717.6616858,6.116118616,2.780996031,22.30605199,ST02,Imphal East
8/1/2019,25.82925815,34.26314471,22.73744707,86.49231767,97.01942551,59.47275041,2.312307619,295.684127,939.5939907,11.7931649,0.201801018,23.22793805,ST02,Imphal East
8/2/2019,26.51702663,32.59788145,21.53446858,84.36986049,99.51574318,63.10847234,2.243087768,236.5824745,862.8300697,10.32317693,0,23.26408914,ST02,Imphal East
8/3/2019,26.89459915,32.63125329,24.17120102,87.03536671,100.2418984,61.56286813,2.305540955,264.8123908,1090.136983,12.61009803,1.001456461,22.55084994,ST02,Imphal East
8/4/2019,28.42165988,32.38221716,24.63251471,84.94559085,98.74784796,62.61168729,2.940917249,270.8923218,1037.903187,16.32656331,0.437465551,23.44868613,ST02,Imphal East
8/5/2019,26.13443991,31.94361757,23.34159992,83.3172838,101.4540366,63.56129917,4.459930318,288.1097762,1028.180314,4.804361492,7.209324795,23.22844215,ST02,Imphal East
8/6/2019,24.31083722,28.03692576,22.84624796,92.6600052,101.0512281,81.25953512,6.920654398,138.3044779,665.8904608,12.84428019,2.066753608,23.66372546,ST02,Imphal East
8/7/2019,25.54208059,27.20234251,23.81158078,87.28140752,102.8451928,77.56213769,8.200890124,76.66957536,573.2666909,5.050484661,4.041927862,23.53267358,ST02,Imphal East
8/8/2019,25.38258232,28.8661272,23.5006007,94.09655257,101.0662695,72.48343455,2.30083829,75.27786183,521.2451119,7.227006499,1.025749667,24.25209603,ST02,Imphal East
8/9/2019,27.626956,35.45893657,22.58005186,84.99071064,95.91364273,49.93072602,2.022257551,190.0944322,1011.226714,9.945765807,0,24.34935744,ST02,Imphal East
8/10/2019,27.57494546,29.6336612,25.06370523,86.80208115,99.16495451,72.56996014,1.821968643,289.8106139,481.8271052,7.339623225,0,23.37888695,ST02,Imphal East
8/11/2019,27.68479571,33.09117149,23.10534021,83.60820777,100.3029119,56.74769113,2.957620219,283.7630336,1103.57111,8.639938598,0,23.82593688,ST02,Imphal East
8/12/2019,24.60821592,30.0421893,21.24285934,95.05029899,95.51447677,73.62347136,5.207287953,312.0359625,1033.372192,8.493385468,13.08652643,22.99820965,ST02,Imphal East
8/13/2019,24.28359963,29.78632698,22.90543857,90.86598432,102.6418001,68.22993033,2.238878393,262.6672533,621.417303,13.39040451,10.60532479,22.23003806,ST02,Imphal East
8/14/2019,27.17470506,30.26616436,23.00962246,91.11433973,101.55147,74.51178954,1.603973743,209.7197708,989.5286355,8.570010722,2.660509879,24.10448381,ST02,Imphal East
8/15/2019,26.28671296,30.06362422,23.16119856,84.40289755,98.82457195,69.66287493,1.475361997,174.5855863,986.6641711,9.106463705,0.411510148,24.00081252,ST02,Imphal East
8/16/2019,27.29622631,32.68399291,22.16606182,83.76404813,94.61935846,65.82910256,1.726728046,199.3985898,937.7391963,11.47158141,0,24.09200597,ST02,Imphal East
8/17/2019,26.38749667,33.66026134,22.8055353,87.03712283,102.6239028,57.12310185,1.831226276,262.7838244,653.999352,13.18580073,10.75217441,23.70277497,ST02,Imphal East
8/18/2019,25.91636739,30.44799075,23.61996462,82.1108452,98.8226932,63.57825896,0.703350967,207.4836889,730.4936527,8.852664837,0.217544315,22.6218575,ST02,Imphal East
8/19/2019,26.61005048,30.17046856,23.85228845,84.75077348,97.18124126,61.05349149,1.784369925,173.6690625,980.6969123,13.97027275,0,21.97674015,ST02,Imphal East
8/20/2019,27.36828846,33.1022147,22.91703804,81.2202828,97.9986206,59.00972688,1.667456045,237.5495256,787.615526,9.750961328,0,23.10557234,ST02,Imphal East
8/21/2019,28.02839217,33.2355645,23.6928514,85.19831707,95.58121632,59.79273498,2.134110789,249.7165186,949.2063825,16.57934001,0.854915717,24.84610147,ST02,Imphal East
8/22/2019,26.64092551,34.88308826,21.26677882,85.12858985,95.21282009,55.16772267,3.099718963,257.9270085,932.6271362,12.4129447,0,23.52039977,ST02,Imphal East
8/23/2019,24.45728268,27.73016346,22.18712354,89.12900929,96.44975232,78.64005427,2.363727004,264.7948742,317.7012095,26.04515663,22.6505488,24.14256651,ST02,Imphal East
8/24/2019,22.85382926,26.32506474,22.16418713,89.521299,96.04007352,87.0150034,2.633920987,260.2665128,507.0179383,15.57895932,3.411050761,21.6801466,ST02,Imphal East
8/25/2019,24.79163853,32.2043036,21.47590442,82.24021985,98.8604382,61.44586928,3.386549582,258.4194698,992.9469497,22.17463783,0,22.78774324,ST02,Imphal East
8/26/2019,27.48403961,34.75587932,21.75185727,81.58458024,103.0804324,53.92205956,2.298177974,265.1954597,907.9010392,9.029978827,0,23.00907509,ST02,Imphal East
8/27/2019,28.47609907,33.17945497,21.74166038,81.84822497,103.42102,57.31454065,2.809891964,264.2809632,966.0352248,13.35568637,0,23.60581012,ST02,Imphal East
8/28/2019,24.85038243,25.04179953,22.82479761,97.06632149,100.862217,86.00580051,1.185422341,266.3842762,400.8295921,17.02023127,4.734204506,22.91282879,ST02,Imphal East
8/29/2019,26.3231472,33.19674139,21.36587272,89.51182308,98.10065814,55.43558156,1.801136946,252.7905695,1060.924965,17.63408497,0,22.59625207,ST02,Imphal East
8/30/2019,25.547595,35.91849896,21.7849144,84.93931082,99.35444605,58.9138093,2.293622255,268.6833198,921.6202415,12.2079214,0,22.21699314,ST02,Imphal East
8/31/2019,28.12545356,35.42093337,22.60043306,82.02634666,103.5008549,54.26263287,1.684340067,257.0384424,1026.522426,11.4233603,0.65481421,24.11282371,ST02,Imphal East
9/1/2019,27.65020593,31.29800836,23.61587801,85.21846286,98.31653962,63.67702226,7.271502697,268.8066178,1072.094545,13.27044012,0,25.15254763,ST02,Imphal East
9/2/2019,25.96196909,29.2014499,23.97199474,93.08104578,98.89414861,73.44229662,4.038162891,255.328315,625.6049087,10.66346662,3.748622166,22.00906834,ST02,Imphal East
9/3/2019,24.15459531,29.18970254,22.38960324,93.37335944,100.3263655,73.16810716,3.98574609,261.3162908,874.3219454,26.65247242,1.306454724,22.09539162,ST02,Imphal East
9/4/2019,25.20137249,30.28092376,21.83546754,88.04018631,100.6961734,74.90652122,3.028245516,248.6866367,1065.677707,7.133506598,3.069999561,22.41877988,ST02,Imphal East
9/5/2019,27.74556994,33.3329781,23.33547784,86.04316948,100.9913159,62.38975263,3.389068174,260.8932534,1018.336635,14.73407225,0.210145154,24.55944954,ST02,Imphal East
9/6/2019,27.24344652,32.18285327,23.34770967,87.32644263,100.1786341,61.81120102,3.169015242,244.7506968,965.5540582,13.13516092,0,23.95677995,ST02,Imphal East
9/7/2019,27.10582524,29.52612961,22.35935588,84.54821705,97.94251925,69.10764147,3.419877034,253.6796272,985.6020706,10.13785673,0.205346148,23.30995636,ST02,Imphal East
9/8/2019,25.38604531,31.87646733,21.66327993,88.55674729,97.56914196,63.2941912,2.178224158,228.1425751,778.208505,7.359537739,3.624274233,22.67488819,ST02,Imphal East
9/9/2019,25.79304083,33.13113883,23.53361214,82.99041247,97.50783078,58.77919078,1.718230832,170.7879169,912.8721236,10.99497744,0,23.64852494,ST02,Imphal East
9/10/2019,26.26364374,35.93958845,24.3082673,81.44970915,97.92616379,56.44425122,1.846204329,98.82642753,990.1129791,10.97415258,0,23.37119396,ST02,Imphal East
9/11/2019,25.93712775,29.21227503,23.48329162,91.95999433,100.8219965,77.13627834,1.639582318,78.53124754,461.2340262,20.68897355,23.13321902,24.19359758,ST02,Imphal East
9/12/2019,24.95960925,29.55062314,21.85797678,93.93467924,103.15752,70.52066966,1.593926227,78.13487113,757.360441,6.980644477,50.01422137,22.1658957,ST02,Imphal East
9/13/2019,25.52301475,28.64436545,21.45725019,93.45814006,104.2219099,74.81974484,0.679257992,75.53830411,652.5512011,4.766565594,1.082496124,22.42731783,ST02,Imphal East
9/14/2019,26.05408351,33.69835554,22.75625566,84.11021269,92.96887098,58.27981238,1.604086515,67.84519317,849.2540827,12.45293134,0,21.69846753,ST02,Imphal East
9/15/2019,26.04278884,33.83325407,21.24961482,90.26094073,94.80242285,54.04793315,1.610169184,158.7411675,884.3062052,9.07892921,7.967500394,22.72065042,ST02,Imphal East
9/16/2019,25.38653967,32.38815275,22.04198767,84.72604068,103.4915157,69.71262257,2.416777218,288.8127899,708.8231258,13.06326629,0.644618536,22.27361666,ST02,Imphal East
9/17/2019,26.17171781,33.875707,22.18717876,90.65982327,95.99343226,57.36023251,1.888893159,239.0264833,1022.235731,11.11576228,2.866246951,22.77405048,ST02,Imphal East
9/18/2019,25.21782963,32.08908681,21.00942517,89.20513722,103.8250121,58.76155802,2.115955665,224.0200411,971.7597172,15.16364289,0,23.68866777,ST02,Imphal East
9/19/2019,26.82700113,37.42896579,21.90762866,84.02165484,96.08149992,42.61886145,1.948967487,242.6643634,906.5019186,12.52352295,0,22.52758169,ST02,Imphal East
9/20/2019,26.75595433,33.55564455,20.99787341,81.81136332,94.06470329,53.55261978,2.099947354,231.0062037,874.2386417,10.34565382,0,23.12893706,ST02,Imphal East
9/21/2019,25.2698067,37.55270349,21.79250212,84.27067014,103.5426036,52.3683713,1.445139105,225.1354155,963.611285,12.65608227,0.421348747,22.81448249,ST02,Imphal East
9/22/2019,22.84607624,30.07166314,20.67816456,95.41862479,98.13057237,70.0925018,2.493720957,246.1135268,454.5376837,7.666039204,5.598910474,22.80678515,ST02,Imphal East
9/23/2019,23.01946023,25.61902137,20.2139996,91.61973959,104.3341531,81.01088234,1.833192405,250.4580191,535.9892983,8.678848742,9.615605733,22.07258123,ST02,Imphal East
9/24/2019,21.69139728,26.2630223,20.14980679,99.17799674,97.74279911,81.86462346,1.511565556,235.6074676,340.8393018,2.897768779,2.181717944,21.38356909,ST02,Imphal East
9/25/2019,23.02480557,24.6688752,20.19595,95.00041237,102.4434007,88.02221086,0.71708499,219.1590136,387.1464231,9.896900911,18.81774253,21.10185797,ST02,Imphal East
9/26/2019,22.94132346,31.83740545,19.96399442,92.74131024,98.24107774,63.23261977,1.908875088,226.8419007,1057.1219,9.303075297,0.213625745,20.93791308,ST02,Imphal East
9/27/2019,23.69749421,30.97011996,20.34112055,90.07303473,104.783257,56.21236344,2.844994974,227.7270369,839.7265601,8.957548456,21.09500845,21.13483905,ST02,Imphal East
9/28/2019,23.62266255,29.88433773,20.42597585,83.10719382,99.26332903,55.92911173,2.735148826,240.1027974,855.2418361,13.19192089,0,21.50657984,ST02,Imphal East
9/29/2019,24.27499912,31.18247381,21.63881867,89.70262768,93.65626722,57.09776737,1.610469633,232.4630211,797.1264458,9.514865518,0.869704977,21.68534372,ST02,Imphal East
9/30/2019,23.04479669,32.52730261,21.20385576,93.24657662,96.79707717,58.31209497,1.255425272,235.2054954,898.96314,7.616249939,1.522176448,21.26118055,ST02,Imphal East
10/1/2019,24.57345619,29.81749182,20.98259248,85.06755915,103.0594574,60.39782742,1.519646912,217.3255807,1074.972598,10.53145517,0.401282759,20.94900626,ST02,Imphal East
10/2/2019,24.01623431,31.76199836,21.46938378,89.87724943,95.59991095,62.38674689,1.232226655,200.6322124,937.442471,10.51993466,0.210478426,21.97440291,ST02,Imphal East
10/3/2019,25.59632257,32.53759526,20.63087673,84.10871718,100.9856913,54.88848581,1.595074933,228.6548134,936.3819023,8.019185087,0,21.26563813,ST02,Imphal East
10/4/2019,24.08571481,30.9121514,19.52573506,85.18460048,101.0092175,61.27854047,1.688553002,192.1862536,921.6100164,9.290691783,0,22.74346037,ST02,Imphal East
10/5/2019,24.24429566,33.44046857,21.56374418,84.03332895,102.3941274,54.8952675,1.47947569,165.2766141,729.0772246,6.910945101,0,21.75625871,ST02,Imphal East
10/6/2019,24.23391467,31.09920092,20.85320813,87.57464912,97.51932812,68.42208385,1.540989638,239.7300609,536.2866422,4.507852368,0.4011327,22.93975403,ST02,Imphal East
10/7/2019,25.13168357,31.03810759,19.7176284,88.28243376,100.3627591,61.08954595,2.300384058,217.2609021,1129.891625,11.40625466,0.208887497,20.78290007,ST02,Imphal East
10/8/2019,24.03382307,32.96621318,20.95564661,91.70910161,102.2865061,55.87631372,1.925312818,211.7421761,914.3732197,9.040947818,0.205897167,21.90468702,ST02,Imphal East
10/9/2019,22.86379437,31.88097794,19.65104139,91.11646614,95.53721261,61.29276971,1.610638157,214.6823256,923.9153286,13.03493199,0.21268738,21.03772345,ST02,Imphal East
10/10/2019,22.56924596,29.52240329,19.88889364,92.05096046,101.2610458,61.32936514,0.963250577,230.2746112,461.9589027,5.808962398,1.259662761,21.45803578,ST02,Imphal East
10/11/2019,24.35665902,30.9930487,20.10645493,92.44708241,99.2876926,63.0269321,1.212192863,153.376305,929.0005641,12.63511129,1.911308221,21.09068077,ST02,Imphal East
10/12/2019,24.47670704,33.05677657,20.19829391,87.41150372,101.023138,50.17453457,1.507561848,167.6763408,862.9513175,12.74133226,0.205287383,21.7682431,ST02,Imphal East
10/13/2019,24.03458226,30.38655135,20.12460653,90.14498163,103.7442105,60.04893173,1.91436417,120.2035894,906.6952367,12.98081262,0,22.01913604,ST02,Imphal East
10/14/2019,23.41564128,31.45353175,18.89794164,84.91957486,103.5904891,57.20749847,1.951864473,211.3453036,987.2675985,12.59836705,0,21.7718278,ST02,Imphal East
10/15/2019,23.95103204,29.50448372,19.91077303,87.52009811,100.4675422,65.83944774,2.772071392,207.1526209,904.8483615,10.38783172,0.201865086,20.95760757,ST02,Imphal East
10/16/2019,23.96398076,29.710601,19.96598807,86.43499886,103.1471028,59.71812476,1.938419668,274.9083859,975.113283,9.081250944,1.252602295,21.38270925,ST02,Imphal East
10/17/2019,24.59373336,33.6906278,19.63774731,87.09766138,104.7482016,55.08890033,1.972385342,216.0841878,1066.610911,13.28108713,0,21.67682581,ST02,Imphal East
10/18/2019,23.94145004,33.55306721,19.3037924,85.18604912,102.6953181,52.15957231,2.008967231,226.5921834,915.9498211,14.23332948,0,21.32523724,ST02,Imphal East
10/19/2019,24.87374194,33.65908917,20.16594276,84.29516125,99.91914502,49.81031815,1.546974739,197.8923404,816.3239013,15.11138061,0,21.957871,ST02,Imphal East
10/20/2019,24.34298521,33.2709293,18.57346844,85.32247994,99.60452038,47.73700029,1.267828386,196.8606916,794.105901,12.31365834,0,19.99334237,ST02,Imphal East
10/21/2019,23.06043622,32.01139133,18.08180372,78.72282302,103.2588337,50.55644746,1.413455399,212.9917319,786.9941855,15.11507438,0,19.47277556,ST02,Imphal East
10/22/2019,21.56301642,25.58176799,19.90720014,90.89329236,101.9120474,82.60916392,2.100221166,300.9881564,186.8888269,7.218929419,6.471029702,19.48110022,ST02,Imphal East
10/23/2019,21.71027094,30.34384319,18.26374926,89.508009,98.31873211,50.91651167,1.093890012,240.2445421,835.3069474,9.472912219,0,18.80112506,ST02,Imphal East
10/24/2019,22.10947277,27.27245072,18.99844427,91.7106179,101.4133239,72.68827565,1.357285165,199.5445983,354.6599649,4.695725661,0,18.38649736,ST02,Imphal East
10/25/2019,21.78934045,23.99791405,18.03371973,89.3521619,95.71188198,78.56412582,2.698333404,210.0606226,420.4148434,4.203936371,0.216917194,18.27691558,ST02,Imphal East
10/26/2019,21.68596925,25.60488231,19.19035329,92.69233996,100.2528519,75.88770975,2.822599339,212.5787561,434.7634149,5.009348021,3.954775866,18.45553051,ST02,Imphal East
10/27/2019,22.27001517,24.44660942,19.6270738,101.0696196,100.4271632,86.72604059,1.890257323,211.0220843,381.5817498,13.91644863,12.48503574,21.02760908,ST02,Imphal East
10/28/2019,22.28368015,27.84655305,19.20839247,86.85835749,101.841517,66.54564726,2.42690561,194.8253676,712.3469345,18.46401697,9.897013181,19.87741292,ST02,Imphal East
10/29/2019,23.40642146,33.02036063,18.21044806,88.72469267,105.3920769,53.61662925,2.036324341,202.8881449,763.8857041,13.51168262,0,21.38402474,ST02,Imphal East
10/30/2019,23.13352495,31.71215357,18.80072067,90.28741409,95.90733268,57.58471119,2.337980912,211.0719984,1022.56497,11.57175311,0,20.47287287,ST02,Imphal East
10/31/2019,23.78249876,32.82389359,19.91328353,81.80771615,96.42724279,59.58730405,1.888321582,215.2395322,872.742942,12.18734205,0,20.78037863,ST02,Imphal East
11/1/2019,23.27754366,29.87607971,18.76730921,83.44865095,91.61686962,55.52281022,2.048474729,214.9096364,775.5383153,12.50115774,0,19.40866497,ST02,Imphal East
11/2/2019,22.10911577,30.15594524,18.63439703,73.78389,89.36291608,52.16151301,1.62740704,196.9403491,802.6409539,10.18811262,0,17.78779498,ST02,Imphal East
11/3/2019,21.8316043,30.03738179,16.90547175,65.4105469,75.19188826,57.72300982,2.184957135,202.095184,874.9641695,8.320468951,0,14.96958529,ST02,Imphal East
11/4/2019,21.93576837,31.1759475,18.89582118,47.85922096,67.71394001,24.36060391,2.153525856,204.8918775,874.4784773,12.14877448,11.62278692,10.79801937,ST02,Imphal East
11/5/2019,24.02927817,30.91189691,19.85690649,21.88993903,86.70803074,47.79138559,1.211677313,177.0998637,843.3132849,9.272893581,0.200670343,-1.785305901,ST02,Imphal East
11/6/2019,20.88657946,31.98954581,17.06834213,89.09501754,97.7753027,73.08790677,1.47566622,108.5558299,725.1448772,47.26611014,0,18.25066665,ST02,Imphal East
11/7/2019,19.7663674,27.53695321,15.33789854,94.58556994,97.10586992,67.36627291,2.14396252,80.41232718,606.8442452,7.017226503,0,18.44708048,ST02,Imphal East
11/8/2019,21.85799588,28.70768448,17.24926326,84.02277694,96.07454278,65.42456558,2.132164102,90.84740075,623.4591265,5.995946674,0,18.82895222,ST02,Imphal East
11/9/2019,19.98739643,22.38467478,17.30343742,93.85268541,100.0768379,83.3476939,1.55383561,337.7892246,275.4247289,9.841200922,10.41894655,19.22229864,ST02,Imphal East
11/10/2019,20.8732767,22.04339647,19.2427729,100.6796575,96.96105382,82.77622279,2.045822733,231.4800129,384.216543,2.255199307,7.175441252,18.48057425,ST02,Imphal East
11/11/2019,20.36391899,23.45271282,19.1650027,96.13786855,104.4820872,83.44734074,0.891445887,200.3466038,257.2556139,4.038294072,2.151269979,20.66185484,ST02,Imphal East
11/12/2019,22.85853269,30.06266962,17.34375893,87.83630994,102.455466,55.09193879,1.233866823,202.0660605,1030.363215,6.932468473,0.206174663,19.25888071,ST02,Imphal East
11/13/2019,20.19248188,30.88534621,17.56494229,85.94727355,104.6145358,54.15977219,2.047179923,199.7755528,934.7457042,8.079343053,0,17.9104596,ST02,Imphal East
11/14/2019,20.69567279,30.97998216,15.57828328,88.09695243,104.1969242,50.23262038,1.540302918,203.0651974,797.2974258,7.963672995,0,17.74267326,ST02,Imphal East
11/15/2019,21.12909897,28.44711288,15.75703862,83.04890274,102.9328863,48.88664556,0.850174866,207.2630883,720.6622998,6.598570443,0,17.33323088,ST02,Imphal East
11/16/2019,18.63087716,28.91861056,14.17190741,77.04473041,96.90761555,45.52164671,1.277352645,180.7691978,735.5586549,9.011278004,0,14.94424319,ST02,Imphal East
11/17/2019,17.96091368,29.26690123,11.66472915,80.32107997,100.0004617,40.87357473,1.443850575,201.1565171,745.4533494,7.616770667,0,15.44592895,ST02,Imphal East
11/18/2019,18.66431339,29.09499996,12.1717485,93.20752361,102.2494382,53.92921469,1.491563132,206.1649102,714.506956,7.574633872,0,16.50197407,ST02,Imphal East
11/19/2019,20.25783229,28.67110212,14.72991804,86.31936903,100.6989404,56.62698435,1.547794671,209.6816231,702.1755236,7.169424567,0,16.51353263,ST02,Imphal East
11/20/2019,19.47456557,25.10471162,15.17000794,92.00591988,104.5171247,59.19741067,1.707140263,204.8237877,857.24865,9.628578743,0,16.81097246,ST02,Imphal East
11/21/2019,18.36710408,27.46265427,12.52794389,92.43982062,100.7036873,55.0820757,1.752274144,198.7590376,764.0756301,7.43880831,0,16.11137554,ST02,Imphal East
11/22/2019,17.9914719,25.57389606,13.77898712,85.68006978,96.73555131,47.55666169,1.566004178,214.0085381,726.7044922,5.67051264,0,14.98366114,ST02,Imphal East
11/23/2019,17.99604076,28.04507117,11.92485533,84.45059323,97.22966806,44.20389015,1.838093514,209.0427847,725.2895312,7.06460277,0,14.79823223,ST02,Imphal East
11/24/2019,18.03879201,27.30532684,12.28128975,88.91804341,97.84344278,54.48516261,1.412571776,192.8427854,665.0732293,5.968159088,0,15.033208,ST02,Imphal East
11/25/2019,19.39925812,27.76070989,13.54229043,87.56518449,100.7325988,54.59781896,1.73053773,210.754662,755.334297,11.4123234,0,16.73045623,ST02,Imphal East
11/26/2019,18.35574943,26.23894787,12.90026253,89.12548392,102.8596617,55.84065762,1.61982,201.8791361,790.0133244,5.007354202,0,16.79885147,ST02,Imphal East
11/27/2019,18.7960728,28.52470143,14.69716924,92.62968905,99.99234842,63.43874828,1.514618214,206.7713145,683.8298455,5.866206052,0,17.34251164,ST02,Imphal East
11/28/2019,19.51804138,27.33168571,14.38262408,89.14136445,105.5733401,62.07923997,1.034230463,209.2813672,738.7863787,6.157870959,0,17.08957508,ST02,Imphal East
11/29/2019,17.29208855,25.42886668,13.56102907,93.16333468,98.24751265,69.23336152,0.650690358,203.2119026,1021.991448,4.312921939,0,15.85914434,ST02,Imphal East
11/30/2019,16.8418933,27.21426682,12.15710073,86.37038027,99.80146051,50.69110314,0.584735849,190.6186183,658.0732603,6.005520124,0,14.04431428,ST02,Imphal East
